temperature,iterations,malus_avg
0.1,10,-1931.6666666666667
0.1,11,-1925.0666666666666
0.1,12,-1963.2
0.1,13,-1862.6
0.1,14,-1904.4666666666667
0.1,15,-1881.2666666666667
0.1,16,-1931.2
0.1,17,-1861.0
0.1,18,-1907.9333333333334
0.1,19,-1829.0
0.1,20,-1853.4666666666667
0.1,21,-1902.8
0.1,22,-1873.6
0.1,23,-1849.6666666666667
0.1,24,-1794.2666666666667
0.1,25,-1862.0
0.1,26,-1837.0
0.1,27,-1818.8666666666666
0.1,28,-1838.5333333333333
0.1,29,-1849.5333333333333
0.1,30,-1842.2
0.1,31,-1813.9333333333334
0.1,32,-1801.6
0.1,33,-1819.0666666666666
0.1,34,-1821.8666666666666
0.1,35,-1758.5333333333333
0.1,36,-1788.1333333333334
0.1,37,-1779.3333333333333
0.1,38,-1781.1333333333334
0.1,39,-1796.8666666666666
0.30000000000000004,10,-1871.8666666666666
0.30000000000000004,11,-1906.0
0.30000000000000004,12,-1892.9333333333334
0.30000000000000004,13,-1881.4666666666667
0.30000000000000004,14,-1907.1333333333334
0.30000000000000004,15,-1846.8666666666666
0.30000000000000004,16,-1871.9333333333334
0.30000000000000004,17,-1902.1333333333334
0.30000000000000004,18,-1962.5333333333333
0.30000000000000004,19,-1861.5333333333333
0.30000000000000004,20,-1935.2666666666667
0.30000000000000004,21,-1805.8
0.30000000000000004,22,-1902.2666666666667
0.30000000000000004,23,-1846.1333333333334
0.30000000000000004,24,-1846.8
0.30000000000000004,25,-1865.6
0.30000000000000004,26,-1943.8
0.30000000000000004,27,-1905.8666666666666
0.30000000000000004,28,-1868.2666666666667
0.30000000000000004,29,-1934.4
0.30000000000000004,30,-1824.4
0.30000000000000004,31,-1900.7333333333333
0.30000000000000004,32,-1895.3333333333333
0.30000000000000004,33,-1879.2
0.30000000000000004,34,-1883.2666666666667
0.30000000000000004,35,-1829.0
0.30000000000000004,36,-1868.2
0.30000000000000004,37,-1856.2666666666667
0.30000000000000004,38,-1865.0
0.30000000000000004,39,-1854.6666666666667
0.5000000000000001,10,-1969.1333333333334
0.5000000000000001,11,-1917.7333333333333
0.5000000000000001,12,-1876.2666666666667
0.5000000000000001,13,-1909.4666666666667
0.5000000000000001,14,-1928.5333333333333
0.5000000000000001,15,-1920.0666666666666
0.5000000000000001,16,-1931.2666666666667
0.5000000000000001,17,-1859.5333333333333
0.5000000000000001,18,-1931.1333333333334
0.5000000000000001,19,-1932.9333333333334
0.5000000000000001,20,-1860.9333333333334
0.5000000000000001,21,-1976.9333333333334
0.5000000000000001,22,-1859.2
0.5000000000000001,23,-1910.6
0.5000000000000001,24,-1965.1333333333334
0.5000000000000001,25,-1879.7333333333333
0.5000000000000001,26,-1901.6666666666667
0.5000000000000001,27,-1883.2
0.5000000000000001,28,-1852.6
0.5000000000000001,29,-1869.4
0.5000000000000001,30,-1874.0666666666666
0.5000000000000001,31,-1843.6666666666667
0.5000000000000001,32,-1910.8666666666666
0.5000000000000001,33,-1838.0
0.5000000000000001,34,-1904.6666666666667
0.5000000000000001,35,-1827.8
0.5000000000000001,36,-1924.6
0.5000000000000001,37,-1849.8
0.5000000000000001,38,-1865.6
0.5000000000000001,39,-1911.2
0.7000000000000001,10,-1930.2666666666667
0.7000000000000001,11,-1949.6
0.7000000000000001,12,-1943.7333333333333
0.7000000000000001,13,-1975.1333333333334
0.7000000000000001,14,-1958.4666666666667
0.7000000000000001,15,-1892.2666666666667
0.7000000000000001,16,-1903.0666666666666
0.7000000000000001,17,-1956.8666666666666
0.7000000000000001,18,-1891.8666666666666
0.7000000000000001,19,-1918.0
0.7000000000000001,20,-1935.2
0.7000000000000001,21,-1882.2666666666667
0.7000000000000001,22,-1967.9333333333334
0.7000000000000001,23,-1886.4
0.7000000000000001,24,-1894.1333333333334
0.7000000000000001,25,-1910.0
0.7000000000000001,26,-1924.5333333333333
0.7000000000000001,27,-1972.1333333333334
0.7000000000000001,28,-1892.4
0.7000000000000001,29,-1919.6
0.7000000000000001,30,-1870.9333333333334
0.7000000000000001,31,-1897.3333333333333
0.7000000000000001,32,-1895.7333333333333
0.7000000000000001,33,-1890.1333333333334
0.7000000000000001,34,-1960.4666666666667
0.7000000000000001,35,-1942.1333333333334
0.7000000000000001,36,-1877.5333333333333
0.7000000000000001,37,-1899.9333333333334
0.7000000000000001,38,-1847.2666666666667
0.7000000000000001,39,-1974.6666666666667
0.9000000000000001,10,-1971.6
0.9000000000000001,11,-1985.4666666666667
0.9000000000000001,12,-1954.1333333333334
0.9000000000000001,13,-1931.7333333333333
0.9000000000000001,14,-1939.5333333333333
0.9000000000000001,15,-2004.5333333333333
0.9000000000000001,16,-1929.3333333333333
0.9000000000000001,17,-1909.2
0.9000000000000001,18,-1830.6
0.9000000000000001,19,-1945.5333333333333
0.9000000000000001,20,-1977.2666666666667
0.9000000000000001,21,-1919.2
0.9000000000000001,22,-1972.6
0.9000000000000001,23,-1971.6
0.9000000000000001,24,-1977.6
0.9000000000000001,25,-1962.6
0.9000000000000001,26,-1935.2
0.9000000000000001,27,-1920.6
0.9000000000000001,28,-1877.5333333333333
0.9000000000000001,29,-1902.6
0.9000000000000001,30,-1958.1333333333334
0.9000000000000001,31,-1940.0666666666666
0.9000000000000001,32,-1850.6
0.9000000000000001,33,-1912.4666666666667
0.9000000000000001,34,-1905.3333333333333
0.9000000000000001,35,-1914.2666666666667
0.9000000000000001,36,-1828.5333333333333
0.9000000000000001,37,-1910.3333333333333
0.9000000000000001,38,-1875.0666666666666
0.9000000000000001,39,-1914.6666666666667
1.1000000000000003,10,-1969.5333333333333
1.1000000000000003,11,-2000.4
1.1000000000000003,12,-1996.7333333333333
1.1000000000000003,13,-1973.9333333333334
1.1000000000000003,14,-2001.9333333333334
1.1000000000000003,15,-1946.9333333333334
1.1000000000000003,16,-1950.8666666666666
1.1000000000000003,17,-1924.0666666666666
1.1000000000000003,18,-1934.6
1.1000000000000003,19,-1963.7333333333333
1.1000000000000003,20,-1931.8666666666666
1.1000000000000003,21,-1970.1333333333334
1.1000000000000003,22,-1967.7333333333333
1.1000000000000003,23,-2006.4666666666667
1.1000000000000003,24,-1922.7333333333333
1.1000000000000003,25,-1922.6666666666667
1.1000000000000003,26,-1945.8
1.1000000000000003,27,-1935.0
1.1000000000000003,28,-1915.8
1.1000000000000003,29,-2001.2666666666667
1.1000000000000003,30,-1941.8666666666666
1.1000000000000003,31,-1947.4
1.1000000000000003,32,-1857.9333333333334
1.1000000000000003,33,-1935.0
1.1000000000000003,34,-1949.4
1.1000000000000003,35,-1922.2
1.1000000000000003,36,-1879.0666666666666
1.1000000000000003,37,-1914.8666666666666
1.1000000000000003,38,-1855.2666666666667
1.1000000000000003,39,-1926.8666666666666
1.3000000000000003,10,-1916.9333333333334
1.3000000000000003,11,-1971.0
1.3000000000000003,12,-1915.1333333333334
1.3000000000000003,13,-1981.4
1.3000000000000003,14,-1957.0
1.3000000000000003,15,-1983.0
1.3000000000000003,16,-2022.0
1.3000000000000003,17,-1960.9333333333334
1.3000000000000003,18,-1945.0666666666666
1.3000000000000003,19,-1912.6666666666667
1.3000000000000003,20,-1971.0
1.3000000000000003,21,-1929.4666666666667
1.3000000000000003,22,-1959.0
1.3000000000000003,23,-1986.6666666666667
1.3000000000000003,24,-2000.1333333333334
1.3000000000000003,25,-1897.0666666666666
1.3000000000000003,26,-1894.9333333333334
1.3000000000000003,27,-1946.0666666666666
1.3000000000000003,28,-1919.0
1.3000000000000003,29,-1966.6
1.3000000000000003,30,-1918.2
1.3000000000000003,31,-1943.4
1.3000000000000003,32,-1884.4666666666667
1.3000000000000003,33,-1914.1333333333334
1.3000000000000003,34,-1986.2
1.3000000000000003,35,-1925.3333333333333
1.3000000000000003,36,-1935.6666666666667
1.3000000000000003,37,-1922.3333333333333
1.3000000000000003,38,-1806.5333333333333
1.3000000000000003,39,-1974.4
1.5000000000000004,10,-1982.0666666666666
1.5000000000000004,11,-1948.6666666666667
1.5000000000000004,12,-1929.6
1.5000000000000004,13,-1996.3333333333333
1.5000000000000004,14,-1970.6666666666667
1.5000000000000004,15,-1969.6
1.5000000000000004,16,-1974.8666666666666
1.5000000000000004,17,-1906.8666666666666
1.5000000000000004,18,-1933.1333333333334
1.5000000000000004,19,-1944.0666666666666
1.5000000000000004,20,-1909.7333333333333
1.5000000000000004,21,-1939.7333333333333
1.5000000000000004,22,-1949.5333333333333
1.5000000000000004,23,-2007.0
1.5000000000000004,24,-1924.6666666666667
1.5000000000000004,25,-1911.3333333333333
1.5000000000000004,26,-1928.3333333333333
1.5000000000000004,27,-1953.0666666666666
1.5000000000000004,28,-1922.9333333333334
1.5000000000000004,29,-1891.0666666666666
1.5000000000000004,30,-1896.0666666666666
1.5000000000000004,31,-1908.2
1.5000000000000004,32,-1845.3333333333333
1.5000000000000004,33,-1956.4666666666667
1.5000000000000004,34,-1942.4
1.5000000000000004,35,-1880.8666666666666
1.5000000000000004,36,-1877.4666666666667
1.5000000000000004,37,-1899.2
1.5000000000000004,38,-1970.2
1.5000000000000004,39,-1915.8
1.7000000000000004,10,-1970.9333333333334
1.7000000000000004,11,-1963.2666666666667
1.7000000000000004,12,-1944.8
1.7000000000000004,13,-1932.8
1.7000000000000004,14,-1953.2666666666667
1.7000000000000004,15,-1927.8666666666666
1.7000000000000004,16,-1985.5333333333333
1.7000000000000004,17,-1982.2666666666667
1.7000000000000004,18,-1953.8
1.7000000000000004,19,-1999.2666666666667
1.7000000000000004,20,-1972.3333333333333
1.7000000000000004,21,-1982.2
1.7000000000000004,22,-1924.2666666666667
1.7000000000000004,23,-1943.6666666666667
1.7000000000000004,24,-1892.7333333333333
1.7000000000000004,25,-1959.0666666666666
1.7000000000000004,26,-1966.2
1.7000000000000004,27,-2001.7333333333333
1.7000000000000004,28,-1889.8666666666666
1.7000000000000004,29,-1956.3333333333333
1.7000000000000004,30,-1985.4
1.7000000000000004,31,-2007.7333333333333
1.7000000000000004,32,-1931.5333333333333
1.7000000000000004,33,-1897.4
1.7000000000000004,34,-1939.2666666666667
1.7000000000000004,35,-1912.7333333333333
1.7000000000000004,36,-1971.9333333333334
1.7000000000000004,37,-1951.8
1.7000000000000004,38,-1965.9333333333334
1.7000000000000004,39,-1919.2
1.9000000000000004,10,-1942.0
1.9000000000000004,11,-1917.6
1.9000000000000004,12,-2038.9333333333334
1.9000000000000004,13,-1951.1333333333334
1.9000000000000004,14,-2075.5333333333333
1.9000000000000004,15,-2010.7333333333333
1.9000000000000004,16,-1979.0
1.9000000000000004,17,-1934.8
1.9000000000000004,18,-1977.6666666666667
1.9000000000000004,19,-1973.8666666666666
1.9000000000000004,20,-1925.8
1.9000000000000004,21,-1946.0
1.9000000000000004,22,-2001.8
1.9000000000000004,23,-1917.8666666666666
1.9000000000000004,24,-1989.9333333333334
1.9000000000000004,25,-1966.4666666666667
1.9000000000000004,26,-1981.7333333333333
1.9000000000000004,27,-1939.0
1.9000000000000004,28,-1961.7333333333333
1.9000000000000004,29,-1954.0
1.9000000000000004,30,-2022.0
1.9000000000000004,31,-2001.8666666666666
1.9000000000000004,32,-1927.2
1.9000000000000004,33,-1941.6666666666667
1.9000000000000004,34,-2020.6
1.9000000000000004,35,-1917.6666666666667
1.9000000000000004,36,-1950.3333333333333
1.9000000000000004,37,-1969.1333333333334
1.9000000000000004,38,-1945.3333333333333
1.9000000000000004,39,-1932.4
2.1000000000000005,10,-1998.6
2.1000000000000005,11,-1949.9333333333334
2.1000000000000005,12,-1986.6
2.1000000000000005,13,-1951.8
2.1000000000000005,14,-1937.0
2.1000000000000005,15,-1945.6666666666667
2.1000000000000005,16,-1991.4666666666667
2.1000000000000005,17,-1914.2
2.1000000000000005,18,-1997.2666666666667
2.1000000000000005,19,-1957.4
2.1000000000000005,20,-1935.8666666666666
2.1000000000000005,21,-1961.1333333333334
2.1000000000000005,22,-2005.9333333333334
2.1000000000000005,23,-1963.6666666666667
2.1000000000000005,24,-1914.2
2.1000000000000005,25,-1990.2666666666667
2.1000000000000005,26,-1965.7333333333333
2.1000000000000005,27,-1950.9333333333334
2.1000000000000005,28,-1960.3333333333333
2.1000000000000005,29,-2013.7333333333333
2.1000000000000005,30,-1878.2
2.1000000000000005,31,-1943.1333333333334
2.1000000000000005,32,-1963.2666666666667
2.1000000000000005,33,-1982.2
2.1000000000000005,34,-1915.5333333333333
2.1000000000000005,35,-1983.7333333333333
2.1000000000000005,36,-1956.3333333333333
2.1000000000000005,37,-1897.0666666666666
2.1000000000000005,38,-1908.9333333333334
2.1000000000000005,39,-1904.8
2.3000000000000007,10,-2002.6666666666667
2.3000000000000007,11,-1950.5333333333333
2.3000000000000007,12,-1986.4
2.3000000000000007,13,-1988.2666666666667
2.3000000000000007,14,-1995.0666666666666
2.3000000000000007,15,-1948.5333333333333
2.3000000000000007,16,-1976.6
2.3000000000000007,17,-1913.6
2.3000000000000007,18,-1882.2666666666667
2.3000000000000007,19,-1912.5333333333333
2.3000000000000007,20,-1984.7333333333333
2.3000000000000007,21,-1949.2
2.3000000000000007,22,-1945.3333333333333
2.3000000000000007,23,-1978.2666666666667
2.3000000000000007,24,-1897.1333333333334
2.3000000000000007,25,-1973.5333333333333
2.3000000000000007,26,-1932.4666666666667
2.3000000000000007,27,-1907.0
2.3000000000000007,28,-1971.4666666666667
2.3000000000000007,29,-1934.9333333333334
2.3000000000000007,30,-1978.2
2.3000000000000007,31,-1971.5333333333333
2.3000000000000007,32,-1915.9333333333334
2.3000000000000007,33,-1960.1333333333334
2.3000000000000007,34,-2028.3333333333333
2.3000000000000007,35,-1969.0
2.3000000000000007,36,-1946.0
2.3000000000000007,37,-1963.2666666666667
2.3000000000000007,38,-1916.2
2.3000000000000007,39,-1937.6666666666667
2.5000000000000004,10,-2002.6666666666667
2.5000000000000004,11,-2001.6
2.5000000000000004,12,-1999.4
2.5000000000000004,13,-1948.9333333333334
2.5000000000000004,14,-1981.9333333333334
2.5000000000000004,15,-1996.4666666666667
2.5000000000000004,16,-1937.1333333333334
2.5000000000000004,17,-1987.8
2.5000000000000004,18,-1953.6
2.5000000000000004,19,-2035.8666666666666
2.5000000000000004,20,-1979.4666666666667
2.5000000000000004,21,-1942.2
2.5000000000000004,22,-1945.6666666666667
2.5000000000000004,23,-1914.0666666666666
2.5000000000000004,24,-1960.2666666666667
2.5000000000000004,25,-2031.2
2.5000000000000004,26,-1988.8666666666666
2.5000000000000004,27,-1914.6
2.5000000000000004,28,-2013.8666666666666
2.5000000000000004,29,-1991.8
2.5000000000000004,30,-1954.2
2.5000000000000004,31,-1955.4666666666667
2.5000000000000004,32,-1923.6666666666667
2.5000000000000004,33,-1953.4
2.5000000000000004,34,-1985.7333333333333
2.5000000000000004,35,-1983.5333333333333
2.5000000000000004,36,-1963.9333333333334
2.5000000000000004,37,-1912.4
2.5000000000000004,38,-1942.0
2.5000000000000004,39,-1947.6
2.7000000000000006,10,-1925.4666666666667
2.7000000000000006,11,-1964.8
2.7000000000000006,12,-1928.8
2.7000000000000006,13,-1996.2
2.7000000000000006,14,-1957.2666666666667
2.7000000000000006,15,-1987.4666666666667
2.7000000000000006,16,-1975.0
2.7000000000000006,17,-2023.0666666666666
2.7000000000000006,18,-1968.6666666666667
2.7000000000000006,19,-1931.4666666666667
2.7000000000000006,20,-1941.3333333333333
2.7000000000000006,21,-1948.3333333333333
2.7000000000000006,22,-1965.0666666666666
2.7000000000000006,23,-1992.7333333333333
2.7000000000000006,24,-1972.7333333333333
2.7000000000000006,25,-1939.8666666666666
2.7000000000000006,26,-1928.0666666666666
2.7000000000000006,27,-1892.8
2.7000000000000006,28,-1976.6
2.7000000000000006,29,-1952.3333333333333
2.7000000000000006,30,-1924.9333333333334
2.7000000000000006,31,-2005.5333333333333
2.7000000000000006,32,-1918.7333333333333
2.7000000000000006,33,-1952.2666666666667
2.7000000000000006,34,-1945.9333333333334
2.7000000000000006,35,-1965.4666666666667
2.7000000000000006,36,-1935.9333333333334
2.7000000000000006,37,-1955.0
2.7000000000000006,38,-1923.0
2.7000000000000006,39,-1946.2666666666667
2.900000000000001,10,-2013.4666666666667
2.900000000000001,11,-1971.8
2.900000000000001,12,-1951.0
2.900000000000001,13,-1995.1333333333334
2.900000000000001,14,-1895.2
2.900000000000001,15,-1907.1333333333334
2.900000000000001,16,-1938.6
2.900000000000001,17,-1986.0666666666666
2.900000000000001,18,-1933.8666666666666
2.900000000000001,19,-2008.6
2.900000000000001,20,-1927.6
2.900000000000001,21,-1968.9333333333334
2.900000000000001,22,-1977.2666666666667
2.900000000000001,23,-1993.5333333333333
2.900000000000001,24,-1973.0666666666666
2.900000000000001,25,-1981.5333333333333
2.900000000000001,26,-1912.0666666666666
2.900000000000001,27,-1940.0666666666666
2.900000000000001,28,-1979.8
2.900000000000001,29,-1943.2666666666667
2.900000000000001,30,-1942.8
2.900000000000001,31,-1972.5333333333333
2.900000000000001,32,-1950.7333333333333
2.900000000000001,33,-1941.7333333333333
2.900000000000001,34,-1948.1333333333334
2.900000000000001,35,-1969.7333333333333
2.900000000000001,36,-1978.2666666666667
2.900000000000001,37,-1895.6666666666667
2.900000000000001,38,-1985.4
2.900000000000001,39,-1991.8
3.1000000000000005,10,-1953.8
3.1000000000000005,11,-1915.9333333333334
3.1000000000000005,12,-1964.7333333333333
3.1000000000000005,13,-1935.0
3.1000000000000005,14,-1975.3333333333333
3.1000000000000005,15,-1972.2
3.1000000000000005,16,-1971.3333333333333
3.1000000000000005,17,-1972.9333333333334
3.1000000000000005,18,-1972.4
3.1000000000000005,19,-1994.1333333333334
3.1000000000000005,20,-2021.9333333333334
3.1000000000000005,21,-1922.4
3.1000000000000005,22,-1950.2
3.1000000000000005,23,-1946.8
3.1000000000000005,24,-1976.6
3.1000000000000005,25,-2017.4
3.1000000000000005,26,-1910.6
3.1000000000000005,27,-2002.8
3.1000000000000005,28,-1950.1333333333334
3.1000000000000005,29,-2002.2666666666667
3.1000000000000005,30,-1939.1333333333334
3.1000000000000005,31,-1955.5333333333333
3.1000000000000005,32,-1912.6666666666667
3.1000000000000005,33,-1940.7333333333333
3.1000000000000005,34,-1945.6
3.1000000000000005,35,-1974.9333333333334
3.1000000000000005,36,-1942.2666666666667
3.1000000000000005,37,-1955.8666666666666
3.1000000000000005,38,-1958.8
3.1000000000000005,39,-1941.5333333333333
3.3000000000000007,10,-1938.1333333333334
3.3000000000000007,11,-1960.2666666666667
3.3000000000000007,12,-1924.5333333333333
3.3000000000000007,13,-1951.4666666666667
3.3000000000000007,14,-1914.9333333333334
3.3000000000000007,15,-1985.3333333333333
3.3000000000000007,16,-1974.8666666666666
3.3000000000000007,17,-1979.9333333333334
3.3000000000000007,18,-1956.0
3.3000000000000007,19,-1977.3333333333333
3.3000000000000007,20,-1951.3333333333333
3.3000000000000007,21,-2001.8666666666666
3.3000000000000007,22,-1948.3333333333333
3.3000000000000007,23,-1981.4666666666667
3.3000000000000007,24,-1922.9333333333334
3.3000000000000007,25,-1923.4
3.3000000000000007,26,-1983.9333333333334
3.3000000000000007,27,-1956.4666666666667
3.3000000000000007,28,-2017.6
3.3000000000000007,29,-1967.2
3.3000000000000007,30,-1947.3333333333333
3.3000000000000007,31,-1957.7333333333333
3.3000000000000007,32,-1945.4
3.3000000000000007,33,-2024.5333333333333
3.3000000000000007,34,-1969.8666666666666
3.3000000000000007,35,-1925.8
3.3000000000000007,36,-1951.8
3.3000000000000007,37,-1981.1333333333334
3.3000000000000007,38,-1992.8
3.3000000000000007,39,-1916.8666666666666
3.500000000000001,10,-1981.7333333333333
3.500000000000001,11,-1951.8666666666666
3.500000000000001,12,-2030.6666666666667
3.500000000000001,13,-1972.8666666666666
3.500000000000001,14,-1949.6666666666667
3.500000000000001,15,-1970.1333333333334
3.500000000000001,16,-1964.6666666666667
3.500000000000001,17,-1991.7333333333333
3.500000000000001,18,-1967.7333333333333
3.500000000000001,19,-1963.9333333333334
3.500000000000001,20,-1945.4
3.500000000000001,21,-1893.8
3.500000000000001,22,-1943.6666666666667
3.500000000000001,23,-1938.3333333333333
3.500000000000001,24,-1956.1333333333334
3.500000000000001,25,-2000.9333333333334
3.500000000000001,26,-1917.4666666666667
3.500000000000001,27,-1918.6666666666667
3.500000000000001,28,-1932.8666666666666
3.500000000000001,29,-1913.2
3.500000000000001,30,-1974.1333333333334
3.500000000000001,31,-1944.0
3.500000000000001,32,-1922.8666666666666
3.500000000000001,33,-2036.0666666666666
3.500000000000001,34,-1920.2666666666667
3.500000000000001,35,-1990.6666666666667
3.500000000000001,36,-1975.2
3.500000000000001,37,-1919.0
3.500000000000001,38,-1935.6
3.500000000000001,39,-1957.0666666666666
3.7000000000000006,10,-1974.6
3.7000000000000006,11,-1912.5333333333333
3.7000000000000006,12,-1963.4666666666667
3.7000000000000006,13,-1893.5333333333333
3.7000000000000006,14,-2041.3333333333333
3.7000000000000006,15,-1998.1333333333334
3.7000000000000006,16,-1993.9333333333334
3.7000000000000006,17,-1997.8666666666666
3.7000000000000006,18,-1915.3333333333333
3.7000000000000006,19,-2013.6
3.7000000000000006,20,-1995.9333333333334
3.7000000000000006,21,-2012.2666666666667
3.7000000000000006,22,-1905.6
3.7000000000000006,23,-1931.4
3.7000000000000006,24,-1976.3333333333333
3.7000000000000006,25,-2001.5333333333333
3.7000000000000006,26,-1995.4666666666667
3.7000000000000006,27,-1981.9333333333334
3.7000000000000006,28,-1939.0
3.7000000000000006,29,-1946.2666666666667
3.7000000000000006,30,-2027.4
3.7000000000000006,31,-1956.0
3.7000000000000006,32,-1993.4
3.7000000000000006,33,-1908.1333333333334
3.7000000000000006,34,-1956.2666666666667
3.7000000000000006,35,-1940.5333333333333
3.7000000000000006,36,-1948.1333333333334
3.7000000000000006,37,-1970.8666666666666
3.7000000000000006,38,-1942.3333333333333
3.7000000000000006,39,-2002.5333333333333
3.900000000000001,10,-2021.8666666666666
3.900000000000001,11,-2018.0
3.900000000000001,12,-2020.4
3.900000000000001,13,-1984.5333333333333
3.900000000000001,14,-1957.8666666666666
3.900000000000001,15,-1938.4666666666667
3.900000000000001,16,-2013.6
3.900000000000001,17,-1940.3333333333333
3.900000000000001,18,-1914.8666666666666
3.900000000000001,19,-2051.8
3.900000000000001,20,-2015.8
3.900000000000001,21,-1999.4666666666667
3.900000000000001,22,-1915.4
3.900000000000001,23,-1981.1333333333334
3.900000000000001,24,-1966.8666666666666
3.900000000000001,25,-1899.0
3.900000000000001,26,-1967.2666666666667
3.900000000000001,27,-1974.0
3.900000000000001,28,-1964.5333333333333
3.900000000000001,29,-1932.4666666666667
3.900000000000001,30,-2019.2
3.900000000000001,31,-1934.0666666666666
3.900000000000001,32,-1904.6666666666667
3.900000000000001,33,-1959.3333333333333
3.900000000000001,34,-1978.4
3.900000000000001,35,-1951.6666666666667
3.900000000000001,36,-1975.4
3.900000000000001,37,-1993.2666666666667
3.900000000000001,38,-1994.5333333333333
3.900000000000001,39,-1997.5333333333333
4.1000000000000005,10,-1959.2666666666667
4.1000000000000005,11,-1953.0
4.1000000000000005,12,-1967.0666666666666
4.1000000000000005,13,-1937.6666666666667
4.1000000000000005,14,-1960.8
4.1000000000000005,15,-1978.6
4.1000000000000005,16,-1935.8666666666666
4.1000000000000005,17,-1924.2666666666667
4.1000000000000005,18,-2004.0666666666666
4.1000000000000005,19,-2063.4666666666667
4.1000000000000005,20,-1929.2666666666667
4.1000000000000005,21,-1961.7333333333333
4.1000000000000005,22,-1905.0
4.1000000000000005,23,-2001.0666666666666
4.1000000000000005,24,-1905.4666666666667
4.1000000000000005,25,-1922.1333333333334
4.1000000000000005,26,-2003.8
4.1000000000000005,27,-1946.6
4.1000000000000005,28,-1883.2666666666667
4.1000000000000005,29,-1932.5333333333333
4.1000000000000005,30,-1898.4
4.1000000000000005,31,-1979.4666666666667
4.1000000000000005,32,-1945.1333333333334
4.1000000000000005,33,-1975.6
4.1000000000000005,34,-1920.6
4.1000000000000005,35,-1967.2666666666667
4.1000000000000005,36,-1963.8666666666666
4.1000000000000005,37,-1931.6
4.1000000000000005,38,-1972.0666666666666
4.1000000000000005,39,-1885.2666666666667
4.300000000000001,10,-1970.1333333333334
4.300000000000001,11,-2000.2
4.300000000000001,12,-1921.9333333333334
4.300000000000001,13,-1984.7333333333333
4.300000000000001,14,-1928.5333333333333
4.300000000000001,15,-1934.2666666666667
4.300000000000001,16,-1961.6
4.300000000000001,17,-1973.0
4.300000000000001,18,-1982.6666666666667
4.300000000000001,19,-1940.1333333333334
4.300000000000001,20,-1927.2666666666667
4.300000000000001,21,-2000.8666666666666
4.300000000000001,22,-1946.5333333333333
4.300000000000001,23,-1981.8
4.300000000000001,24,-1992.2
4.300000000000001,25,-1981.6666666666667
4.300000000000001,26,-2012.4
4.300000000000001,27,-2016.4
4.300000000000001,28,-1914.0666666666666
4.300000000000001,29,-1971.1333333333334
4.300000000000001,30,-1963.2
4.300000000000001,31,-1944.0
4.300000000000001,32,-1947.0666666666666
4.300000000000001,33,-1902.2666666666667
4.300000000000001,34,-1943.6666666666667
4.300000000000001,35,-1974.4666666666667
4.300000000000001,36,-1958.6666666666667
4.300000000000001,37,-1949.9333333333334
4.300000000000001,38,-1944.6
4.300000000000001,39,-1959.5333333333333
4.500000000000001,10,-1942.2
4.500000000000001,11,-1997.4
4.500000000000001,12,-1962.8
4.500000000000001,13,-1998.6
4.500000000000001,14,-2016.2666666666667
4.500000000000001,15,-1977.5333333333333
4.500000000000001,16,-1961.1333333333334
4.500000000000001,17,-2010.7333333333333
4.500000000000001,18,-1964.0
4.500000000000001,19,-1955.2
4.500000000000001,20,-1965.6
4.500000000000001,21,-1928.4666666666667
4.500000000000001,22,-1907.4
4.500000000000001,23,-2003.0666666666666
4.500000000000001,24,-1905.6
4.500000000000001,25,-1962.1333333333334
4.500000000000001,26,-1910.2
4.500000000000001,27,-1970.4666666666667
4.500000000000001,28,-1950.5333333333333
4.500000000000001,29,-1947.4666666666667
4.500000000000001,30,-2016.1333333333334
4.500000000000001,31,-2041.7333333333333
4.500000000000001,32,-1977.6666666666667
4.500000000000001,33,-1947.5333333333333
4.500000000000001,34,-1911.6
4.500000000000001,35,-1938.0
4.500000000000001,36,-2005.9333333333334
4.500000000000001,37,-2013.4
4.500000000000001,38,-1939.0666666666666
4.500000000000001,39,-1991.0666666666666
4.7,10,-1985.3333333333333
4.7,11,-2032.2
4.7,12,-1917.0666666666666
4.7,13,-1900.4
4.7,14,-2008.2666666666667
4.7,15,-1972.9333333333334
4.7,16,-2015.5333333333333
4.7,17,-1934.6666666666667
4.7,18,-1963.2
4.7,19,-2022.4666666666667
4.7,20,-1939.7333333333333
4.7,21,-1941.6666666666667
4.7,22,-2030.1333333333334
4.7,23,-1960.0
4.7,24,-1968.5333333333333
4.7,25,-1964.3333333333333
4.7,26,-2012.6
4.7,27,-1961.9333333333334
4.7,28,-2034.2666666666667
4.7,29,-1925.3333333333333
4.7,30,-1871.6
4.7,31,-1948.3333333333333
4.7,32,-1960.0666666666666
4.7,33,-1982.7333333333333
4.7,34,-1982.0666666666666
4.7,35,-1947.3333333333333
4.7,36,-1964.2666666666667
4.7,37,-1978.4
4.7,38,-1993.7333333333333
4.7,39,-1917.8
4.9,10,-1980.0
4.9,11,-1973.5333333333333
4.9,12,-1965.6666666666667
4.9,13,-1979.6
4.9,14,-1926.6666666666667
4.9,15,-1927.1333333333334
4.9,16,-1896.0666666666666
4.9,17,-1969.6
4.9,18,-1933.4666666666667
4.9,19,-1981.9333333333334
4.9,20,-1961.1333333333334
4.9,21,-1990.8666666666666
4.9,22,-1946.6
4.9,23,-1927.7333333333333
4.9,24,-1975.5333333333333
4.9,25,-1997.2
4.9,26,-1969.0
4.9,27,-1918.4666666666667
4.9,28,-2005.3333333333333
4.9,29,-1928.4666666666667
4.9,30,-1964.4
4.9,31,-1981.5333333333333
4.9,32,-1900.4666666666667
4.9,33,-1964.2666666666667
4.9,34,-1940.6
4.9,35,-1966.4666666666667
4.9,36,-2002.7333333333333
4.9,37,-1909.3333333333333
4.9,38,-1993.8
4.9,39,-2010.0666666666666
5.1000000000000005,10,-1910.4
5.1000000000000005,11,-2029.4666666666667
5.1000000000000005,12,-1980.2666666666667
5.1000000000000005,13,-1972.4666666666667
5.1000000000000005,14,-1996.7333333333333
5.1000000000000005,15,-1924.0
5.1000000000000005,16,-2040.1333333333334
5.1000000000000005,17,-1969.5333333333333
5.1000000000000005,18,-1979.0
5.1000000000000005,19,-1998.3333333333333
5.1000000000000005,20,-1945.5333333333333
5.1000000000000005,21,-1994.2
5.1000000000000005,22,-1945.9333333333334
5.1000000000000005,23,-2007.0666666666666
5.1000000000000005,24,-1989.4666666666667
5.1000000000000005,25,-1955.6
5.1000000000000005,26,-2009.1333333333334
5.1000000000000005,27,-1978.2666666666667
5.1000000000000005,28,-1987.9333333333334
5.1000000000000005,29,-1961.4
5.1000000000000005,30,-1980.1333333333334
5.1000000000000005,31,-1933.0
5.1000000000000005,32,-2024.2666666666667
5.1000000000000005,33,-1979.6666666666667
5.1000000000000005,34,-1891.1333333333334
5.1000000000000005,35,-1996.4666666666667
5.1000000000000005,36,-2068.6666666666665
5.1000000000000005,37,-2022.6666666666667
5.1000000000000005,38,-1933.2
5.1000000000000005,39,-1953.9333333333334
5.300000000000001,10,-1967.8
5.300000000000001,11,-1970.4666666666667
5.300000000000001,12,-2015.8666666666666
5.300000000000001,13,-2008.0
5.300000000000001,14,-2064.0
5.300000000000001,15,-1925.9333333333334
5.300000000000001,16,-2020.9333333333334
5.300000000000001,17,-2029.2
5.300000000000001,18,-1951.9333333333334
5.300000000000001,19,-1912.4
5.300000000000001,20,-1931.1333333333334
5.300000000000001,21,-2000.0666666666666
5.300000000000001,22,-1994.7333333333333
5.300000000000001,23,-1968.7333333333333
5.300000000000001,24,-1939.6666666666667
5.300000000000001,25,-1967.4666666666667
5.300000000000001,26,-2018.3333333333333
5.300000000000001,27,-1934.0
5.300000000000001,28,-1983.4666666666667
5.300000000000001,29,-1995.0
5.300000000000001,30,-1973.9333333333334
5.300000000000001,31,-1952.8
5.300000000000001,32,-1983.3333333333333
5.300000000000001,33,-1900.8666666666666
5.300000000000001,34,-1938.9333333333334
5.300000000000001,35,-1940.4666666666667
5.300000000000001,36,-1977.0
5.300000000000001,37,-1978.2
5.300000000000001,38,-1910.2666666666667
5.300000000000001,39,-1905.3333333333333
5.500000000000001,10,-1998.6666666666667
5.500000000000001,11,-1972.2
5.500000000000001,12,-1917.4
5.500000000000001,13,-1911.0666666666666
5.500000000000001,14,-2025.2
5.500000000000001,15,-1960.8666666666666
5.500000000000001,16,-1959.4
5.500000000000001,17,-1955.7333333333333
5.500000000000001,18,-1970.4
5.500000000000001,19,-1979.2666666666667
5.500000000000001,20,-1948.6
5.500000000000001,21,-2002.7333333333333
5.500000000000001,22,-1969.4666666666667
5.500000000000001,23,-1996.7333333333333
5.500000000000001,24,-1923.5333333333333
5.500000000000001,25,-1957.9333333333334
5.500000000000001,26,-1992.7333333333333
5.500000000000001,27,-1967.9333333333334
5.500000000000001,28,-1919.6666666666667
5.500000000000001,29,-1993.6
5.500000000000001,30,-1993.3333333333333
5.500000000000001,31,-2004.0666666666666
5.500000000000001,32,-1944.0666666666666
5.500000000000001,33,-1952.6
5.500000000000001,34,-1922.0
5.500000000000001,35,-1923.8666666666666
5.500000000000001,36,-1958.1333333333334
5.500000000000001,37,-1948.3333333333333
5.500000000000001,38,-1991.0
5.500000000000001,39,-2017.6666666666667
5.700000000000001,10,-1971.2666666666667
5.700000000000001,11,-1920.7333333333333
5.700000000000001,12,-1963.0666666666666
5.700000000000001,13,-1970.4666666666667
5.700000000000001,14,-2014.7333333333333
5.700000000000001,15,-2027.8666666666666
5.700000000000001,16,-1961.4666666666667
5.700000000000001,17,-1928.7333333333333
5.700000000000001,18,-1961.6
5.700000000000001,19,-1953.9333333333334
5.700000000000001,20,-1977.4666666666667
5.700000000000001,21,-2014.9333333333334
5.700000000000001,22,-1912.9333333333334
5.700000000000001,23,-2003.2666666666667
5.700000000000001,24,-1960.5333333333333
5.700000000000001,25,-1982.3333333333333
5.700000000000001,26,-1889.6666666666667
5.700000000000001,27,-1969.2666666666667
5.700000000000001,28,-2016.4666666666667
5.700000000000001,29,-1976.0
5.700000000000001,30,-1916.5333333333333
5.700000000000001,31,-1951.3333333333333
5.700000000000001,32,-1981.6
5.700000000000001,33,-2033.5333333333333
5.700000000000001,34,-1956.3333333333333
5.700000000000001,35,-1953.7333333333333
5.700000000000001,36,-1908.9333333333334
5.700000000000001,37,-2073.9333333333334
5.700000000000001,38,-1893.8666666666666
5.700000000000001,39,-1970.4
5.9,10,-1953.8666666666666
5.9,11,-1970.7333333333333
5.9,12,-1979.0666666666666
5.9,13,-1963.9333333333334
5.9,14,-1917.2666666666667
5.9,15,-1979.4
5.9,16,-1952.7333333333333
5.9,17,-1966.0666666666666
5.9,18,-2041.1333333333334
5.9,19,-1960.4
5.9,20,-1924.4666666666667
5.9,21,-1967.0666666666666
5.9,22,-1999.9333333333334
5.9,23,-1972.5333333333333
5.9,24,-2011.8666666666666
5.9,25,-1916.8
5.9,26,-1940.0
5.9,27,-1870.6666666666667
5.9,28,-1953.3333333333333
5.9,29,-1987.3333333333333
5.9,30,-1923.5333333333333
5.9,31,-2016.4666666666667
5.9,32,-1956.6
5.9,33,-1945.9333333333334
5.9,34,-1928.8
5.9,35,-1879.5333333333333
5.9,36,-2010.0666666666666
5.9,37,-1955.2666666666667
5.9,38,-1962.6
5.9,39,-1994.8
6.1000000000000005,10,-1915.0666666666666
6.1000000000000005,11,-1950.4
6.1000000000000005,12,-1956.2
6.1000000000000005,13,-1968.4666666666667
6.1000000000000005,14,-1985.8
6.1000000000000005,15,-1983.4666666666667
6.1000000000000005,16,-1935.8666666666666
6.1000000000000005,17,-1970.8666666666666
6.1000000000000005,18,-1962.8666666666666
6.1000000000000005,19,-2015.8666666666666
6.1000000000000005,20,-1990.6666666666667
6.1000000000000005,21,-1963.1333333333334
6.1000000000000005,22,-1955.8666666666666
6.1000000000000005,23,-2003.2666666666667
6.1000000000000005,24,-1987.0666666666666
6.1000000000000005,25,-1963.2
6.1000000000000005,26,-1958.9333333333334
6.1000000000000005,27,-1948.1333333333334
6.1000000000000005,28,-1967.8
6.1000000000000005,29,-1971.3333333333333
6.1000000000000005,30,-1988.6
6.1000000000000005,31,-1953.2666666666667
6.1000000000000005,32,-1963.6666666666667
6.1000000000000005,33,-2052.0666666666666
6.1000000000000005,34,-2020.6666666666667
6.1000000000000005,35,-1959.2666666666667
6.1000000000000005,36,-2006.6666666666667
6.1000000000000005,37,-1939.0
6.1000000000000005,38,-1999.6666666666667
6.1000000000000005,39,-1956.7333333333333
6.300000000000001,10,-1993.6666666666667
6.300000000000001,11,-1960.2666666666667
6.300000000000001,12,-1957.4666666666667
6.300000000000001,13,-1992.2666666666667
6.300000000000001,14,-1987.0
6.300000000000001,15,-2002.0666666666666
6.300000000000001,16,-2036.9333333333334
6.300000000000001,17,-2020.9333333333334
6.300000000000001,18,-1942.3333333333333
6.300000000000001,19,-1979.5333333333333
6.300000000000001,20,-2020.1333333333334
6.300000000000001,21,-1967.4666666666667
6.300000000000001,22,-2001.8666666666666
6.300000000000001,23,-1969.0666666666666
6.300000000000001,24,-1957.4666666666667
6.300000000000001,25,-1916.0
6.300000000000001,26,-2002.6666666666667
6.300000000000001,27,-1959.2666666666667
6.300000000000001,28,-1994.0666666666666
6.300000000000001,29,-1957.2666666666667
6.300000000000001,30,-1957.4666666666667
6.300000000000001,31,-1940.6666666666667
6.300000000000001,32,-1980.2666666666667
6.300000000000001,33,-2017.0
6.300000000000001,34,-2023.0666666666666
6.300000000000001,35,-1957.2
6.300000000000001,36,-2001.2
6.300000000000001,37,-1956.3333333333333
6.300000000000001,38,-1947.0
6.300000000000001,39,-1930.6666666666667
6.500000000000001,10,-1960.5333333333333
6.500000000000001,11,-1990.1333333333334
6.500000000000001,12,-1971.7333333333333
6.500000000000001,13,-1979.4
6.500000000000001,14,-2003.0666666666666
6.500000000000001,15,-1980.7333333333333
6.500000000000001,16,-1917.9333333333334
6.500000000000001,17,-2006.5333333333333
6.500000000000001,18,-1928.2666666666667
6.500000000000001,19,-1906.6
6.500000000000001,20,-1978.5333333333333
6.500000000000001,21,-1922.0
6.500000000000001,22,-1944.4
6.500000000000001,23,-1964.0
6.500000000000001,24,-1969.1333333333334
6.500000000000001,25,-1934.1333333333334
6.500000000000001,26,-1974.3333333333333
6.500000000000001,27,-2030.8666666666666
6.500000000000001,28,-1971.6666666666667
6.500000000000001,29,-1994.7333333333333
6.500000000000001,30,-1957.1333333333334
6.500000000000001,31,-1895.8
6.500000000000001,32,-1992.0666666666666
6.500000000000001,33,-1999.2666666666667
6.500000000000001,34,-1928.2666666666667
6.500000000000001,35,-1968.2
6.500000000000001,36,-1997.5333333333333
6.500000000000001,37,-1879.0
6.500000000000001,38,-1925.6
6.500000000000001,39,-1969.2
6.700000000000001,10,-1964.6
6.700000000000001,11,-1938.1333333333334
6.700000000000001,12,-1990.8
6.700000000000001,13,-2040.4
6.700000000000001,14,-2031.3333333333333
6.700000000000001,15,-1972.7333333333333
6.700000000000001,16,-1960.3333333333333
6.700000000000001,17,-1993.8666666666666
6.700000000000001,18,-1922.2666666666667
6.700000000000001,19,-2011.2666666666667
6.700000000000001,20,-2005.6
6.700000000000001,21,-1974.2666666666667
6.700000000000001,22,-1993.2666666666667
6.700000000000001,23,-1973.8666666666666
6.700000000000001,24,-2016.8666666666666
6.700000000000001,25,-1907.8666666666666
6.700000000000001,26,-1973.4
6.700000000000001,27,-2027.0
6.700000000000001,28,-1946.5333333333333
6.700000000000001,29,-1927.0
6.700000000000001,30,-2032.6
6.700000000000001,31,-1930.4
6.700000000000001,32,-2001.5333333333333
6.700000000000001,33,-1910.0666666666666
6.700000000000001,34,-1881.3333333333333
6.700000000000001,35,-1907.6
6.700000000000001,36,-1965.0666666666666
6.700000000000001,37,-2000.1333333333334
6.700000000000001,38,-1957.8
6.700000000000001,39,-1989.4666666666667
6.900000000000001,10,-1946.0666666666666
6.900000000000001,11,-1957.5333333333333
6.900000000000001,12,-1970.7333333333333
6.900000000000001,13,-1977.0
6.900000000000001,14,-1909.4
6.900000000000001,15,-1970.8
6.900000000000001,16,-1930.3333333333333
6.900000000000001,17,-1989.8666666666666
6.900000000000001,18,-2004.2666666666667
6.900000000000001,19,-1964.8
6.900000000000001,20,-1910.0666666666666
6.900000000000001,21,-2005.0666666666666
6.900000000000001,22,-1998.6666666666667
6.900000000000001,23,-1956.4666666666667
6.900000000000001,24,-1929.3333333333333
6.900000000000001,25,-1913.2
6.900000000000001,26,-2019.4666666666667
6.900000000000001,27,-1979.4
6.900000000000001,28,-2017.5333333333333
6.900000000000001,29,-1974.8
6.900000000000001,30,-2000.2666666666667
6.900000000000001,31,-1970.8666666666666
6.900000000000001,32,-1981.4
6.900000000000001,33,-1990.3333333333333
6.900000000000001,34,-1999.9333333333334
6.900000000000001,35,-1995.3333333333333
6.900000000000001,36,-2029.2
6.900000000000001,37,-1970.4
6.900000000000001,38,-2044.4666666666667
6.900000000000001,39,-1948.2
7.100000000000001,10,-2006.7333333333333
7.100000000000001,11,-2005.0
7.100000000000001,12,-2014.6666666666667
7.100000000000001,13,-1958.7333333333333
7.100000000000001,14,-1900.7333333333333
7.100000000000001,15,-1956.1333333333334
7.100000000000001,16,-2020.6666666666667
7.100000000000001,17,-1962.7333333333333
7.100000000000001,18,-1977.5333333333333
7.100000000000001,19,-1943.5333333333333
7.100000000000001,20,-1946.0
7.100000000000001,21,-1970.5333333333333
7.100000000000001,22,-1928.6666666666667
7.100000000000001,23,-1934.2666666666667
7.100000000000001,24,-1969.1333333333334
7.100000000000001,25,-1938.3333333333333
7.100000000000001,26,-1985.1333333333334
7.100000000000001,27,-1948.8
7.100000000000001,28,-1962.5333333333333
7.100000000000001,29,-1942.6
7.100000000000001,30,-2038.2666666666667
7.100000000000001,31,-1935.6666666666667
7.100000000000001,32,-2001.8666666666666
7.100000000000001,33,-2005.2666666666667
7.100000000000001,34,-1896.4666666666667
7.100000000000001,35,-1984.1333333333334
7.100000000000001,36,-1997.6
7.100000000000001,37,-1984.4666666666667
7.100000000000001,38,-1916.2
7.100000000000001,39,-2018.3333333333333
7.300000000000001,10,-1989.2
7.300000000000001,11,-1954.6
7.300000000000001,12,-2032.3333333333333
7.300000000000001,13,-1974.7333333333333
7.300000000000001,14,-1997.8
7.300000000000001,15,-1917.2666666666667
7.300000000000001,16,-1964.7333333333333
7.300000000000001,17,-2003.1333333333334
7.300000000000001,18,-1998.0666666666666
7.300000000000001,19,-1930.4666666666667
7.300000000000001,20,-2013.2
7.300000000000001,21,-1975.9333333333334
7.300000000000001,22,-2039.4666666666667
7.300000000000001,23,-1934.2
7.300000000000001,24,-1969.4666666666667
7.300000000000001,25,-2017.8666666666666
7.300000000000001,26,-1938.1333333333334
7.300000000000001,27,-1966.5333333333333
7.300000000000001,28,-1984.2666666666667
7.300000000000001,29,-1980.2
7.300000000000001,30,-1971.8666666666666
7.300000000000001,31,-1953.6
7.300000000000001,32,-1960.0
7.300000000000001,33,-1963.0666666666666
7.300000000000001,34,-1989.9333333333334
7.300000000000001,35,-1963.8
7.300000000000001,36,-1986.0
7.300000000000001,37,-1905.5333333333333
7.300000000000001,38,-1952.0
7.300000000000001,39,-2004.3333333333333
7.500000000000001,10,-1989.8666666666666
7.500000000000001,11,-2008.9333333333334
7.500000000000001,12,-1994.1333333333334
7.500000000000001,13,-2014.8666666666666
7.500000000000001,14,-1951.8
7.500000000000001,15,-2005.6
7.500000000000001,16,-1940.2666666666667
7.500000000000001,17,-1941.9333333333334
7.500000000000001,18,-1992.6
7.500000000000001,19,-1988.2
7.500000000000001,20,-1939.6
7.500000000000001,21,-1999.3333333333333
7.500000000000001,22,-1949.2
7.500000000000001,23,-1958.5333333333333
7.500000000000001,24,-1946.5333333333333
7.500000000000001,25,-1966.5333333333333
7.500000000000001,26,-1970.2
7.500000000000001,27,-1968.2
7.500000000000001,28,-1997.2
7.500000000000001,29,-2017.5333333333333
7.500000000000001,30,-1991.9333333333334
7.500000000000001,31,-1989.2
7.500000000000001,32,-1976.6666666666667
7.500000000000001,33,-1999.0666666666666
7.500000000000001,34,-1960.3333333333333
7.500000000000001,35,-1963.9333333333334
7.500000000000001,36,-2010.0666666666666
7.500000000000001,37,-1935.2
7.500000000000001,38,-1967.9333333333334
7.500000000000001,39,-2012.2
7.700000000000001,10,-1974.0666666666666
7.700000000000001,11,-2003.5333333333333
7.700000000000001,12,-1981.4
7.700000000000001,13,-2017.4
7.700000000000001,14,-1974.4
7.700000000000001,15,-1972.2
7.700000000000001,16,-2017.4
7.700000000000001,17,-1922.6666666666667
7.700000000000001,18,-1932.6
7.700000000000001,19,-1979.3333333333333
7.700000000000001,20,-1966.7333333333333
7.700000000000001,21,-2019.6
7.700000000000001,22,-1939.0
7.700000000000001,23,-1953.6
7.700000000000001,24,-2021.8
7.700000000000001,25,-1934.0666666666666
7.700000000000001,26,-1882.0
7.700000000000001,27,-1947.6666666666667
7.700000000000001,28,-2012.6666666666667
7.700000000000001,29,-1993.5333333333333
7.700000000000001,30,-1912.8666666666666
7.700000000000001,31,-2041.9333333333334
7.700000000000001,32,-1946.3333333333333
7.700000000000001,33,-1970.0
7.700000000000001,34,-1975.4
7.700000000000001,35,-2001.9333333333334
7.700000000000001,36,-1945.6666666666667
7.700000000000001,37,-1892.6666666666667
7.700000000000001,38,-1961.8
7.700000000000001,39,-2012.9333333333334
7.900000000000001,10,-1974.0
7.900000000000001,11,-1975.4666666666667
7.900000000000001,12,-2032.7333333333333
7.900000000000001,13,-1974.8
7.900000000000001,14,-1982.2666666666667
7.900000000000001,15,-1925.5333333333333
7.900000000000001,16,-1964.8
7.900000000000001,17,-1988.1333333333334
7.900000000000001,18,-1943.9333333333334
7.900000000000001,19,-1991.4
7.900000000000001,20,-1981.8
7.900000000000001,21,-2021.0
7.900000000000001,22,-1962.8666666666666
7.900000000000001,23,-1982.6
7.900000000000001,24,-1902.0666666666666
7.900000000000001,25,-2000.0666666666666
7.900000000000001,26,-1992.5333333333333
7.900000000000001,27,-1976.2666666666667
7.900000000000001,28,-1972.4
7.900000000000001,29,-1947.8
7.900000000000001,30,-1988.2
7.900000000000001,31,-1944.2666666666667
7.900000000000001,32,-1974.9333333333334
7.900000000000001,33,-1944.6
7.900000000000001,34,-2012.2666666666667
7.900000000000001,35,-2018.6666666666667
7.900000000000001,36,-2038.3333333333333
7.900000000000001,37,-1945.0666666666666
7.900000000000001,38,-1980.7333333333333
7.900000000000001,39,-2038.8666666666666
